<?xml version="1.0" encoding="UTF-8"?>
<project-private xmlns="http://www.netbeans.org/ns/project-private/1">
    <editor-bookmarks xmlns="http://www.netbeans.org/ns/editor-bookmarks/2" lastBookmarkId="0"/>
    <open-files xmlns="http://www.netbeans.org/ns/projectui-open-files/2">
        <group>
            <file>file:/C:/Users/Alif/Documents/NetBeansProjects/ProjectToko/src/PackageConnect/Koneksi.java</file>
            <file>file:/C:/Users/Alif/Documents/NetBeansProjects/ProjectToko/src/PackageForm/Admin.java</file>
            <file>file:/C:/Users/Alif/Documents/NetBeansProjects/ProjectToko/src/PackageClass/Pelanggan.java</file>
            <file>file:/C:/Users/Alif/Documents/NetBeansProjects/ProjectToko/src/PackageClass/Sepatu.java</file>
            <file>file:/C:/Users/Alif/Documents/NetBeansProjects/ProjectToko/src/PackageClass/DetailTransaksi.java</file>
            <file>file:/C:/Users/Alif/Documents/NetBeansProjects/ProjectToko/src/PackageForm/PegawaiForm.java</file>
            <file>file:/C:/Users/Alif/Documents/NetBeansProjects/ProjectToko/src/PackageClass/Pegawai.java</file>
            <file>file:/C:/Users/Alif/Documents/NetBeansProjects/ProjectToko/src/PackageClass/LoginInfo.java</file>
            <file>file:/C:/Users/Alif/Documents/NetBeansProjects/ProjectToko/src/PackageForm/Login.java</file>
        </group>
    </open-files>
</project-private>
