<?xml version="1.0" encoding="UTF-8"?>
<project-private xmlns="http://www.netbeans.org/ns/project-private/1">
    <editor-bookmarks xmlns="http://www.netbeans.org/ns/editor-bookmarks/2" lastBookmarkId="0"/>
    <open-files xmlns="http://www.netbeans.org/ns/projectui-open-files/2">
        <group>
            <file>file:/C:/Users/Alif/Documents/NetBeansProjects/rental/src/gui/User.java</file>
            <file>file:/C:/Users/Alif/Documents/NetBeansProjects/rental/src/image/file-solid.png</file>
            <file>file:/C:/Users/Alif/Documents/NetBeansProjects/rental/src/kode/Peminjaman.java</file>
            <file>file:/C:/Users/Alif/Documents/NetBeansProjects/rental/src/gui/login.java</file>
            <file>file:/C:/Users/Alif/Documents/NetBeansProjects/rental/src/kode/Pegawai.java</file>
            <file>file:/C:/Users/Alif/Documents/NetBeansProjects/rental/src/gui/Admin.java</file>
            <file>file:/C:/Users/Alif/Documents/NetBeansProjects/rental/src/kode/Mobil.java</file>
            <file>file:/C:/Users/Alif/Documents/NetBeansProjects/rental/src/gui/Loading.java</file>
            <file>file:/C:/Users/Alif/Documents/NetBeansProjects/rental/src/image/money-bill-solid.png</file>
            <file>file:/C:/Users/Alif/Documents/NetBeansProjects/rental/src/kode/Pelanggan.java</file>
            <file>file:/C:/Users/Alif/Documents/NetBeansProjects/rental/src/kode/Koneksi.java</file>
        </group>
    </open-files>
</project-private>
